id,revenue
3001,2.7410586
3002,2.656556
3003,2.8063662
3004,2.8305929
3005,2.7156916
3006,2.7914748
3007,2.8039556
3008,2.8460197
3009,2.8771062
3010,2.9934175
3011,2.6236987
3012,2.6747177
3013,2.9027417
3014,2.5036
3015,2.8693695
3016,2.588637
3017,2.9644384
3018,3.0000806
3019,2.8872817
3020,3.0293086
3021,2.9379003
3022,2.9376147
3023,2.615817
3024,2.8579092
3025,2.6727614
3026,2.990281
3027,2.781749
3028,2.9725115
3029,2.411992
3030,2.9697926
3031,2.8433862
3032,2.8645005
3033,2.5748575
3034,2.628296
3035,2.6220567
3036,2.858856
3037,2.9636433
3038,2.683825
3039,2.8311398
3040,2.713996
3041,2.792604
3042,2.701032
3043,2.7906475
3044,2.732077
3045,3.0165188
3046,2.6394014
3047,2.7362723
3048,2.8856359
3049,2.8375456
3050,2.9563243
3051,2.4179842
3052,2.886592
3053,2.5214455
3054,2.716541
3055,2.8752685
3056,2.5456533
3057,2.9418721
3058,3.0400124
3059,2.7282913
3060,2.9155064
3061,2.9031382
3062,2.795439
3063,2.8956146
3064,2.8627172
3065,2.843286
3066,2.9605992
3067,2.7353525
3068,2.9124424
3069,3.0225205
3070,2.7116766
3071,2.8642054
3072,3.0210898
3073,2.763487
3074,2.6651983
3075,2.9062688
3076,2.9515607
3077,2.8087661
3078,2.9200218
3079,2.9303074
3080,2.9525144
3081,2.905265
3082,2.8515987
3083,2.8498087
3084,2.488771
3085,2.794924
3086,2.93747
3087,2.5714457
3088,2.6728852
3089,2.6099691
3090,2.8759258
3091,2.7983224
3092,2.8073318
3093,2.9783077
3094,2.9664016
3095,2.8543634
3096,2.7690706
3097,3.0423388
3098,2.865948
3099,2.9248128
3100,2.7976635
3101,2.8309166
3102,2.6986196
3103,2.7100148
3104,2.6347802
3105,2.9519823
3106,2.9210267
3107,2.8562438
3108,2.7388132
3109,2.837233
3110,3.012432
3111,2.8349836
3112,2.678419
3113,2.8248444
3114,2.8708704
3115,2.8913012
3116,2.7777343
3117,2.6607294
3118,2.7614512
3119,3.0109327
3120,2.9277732
3121,2.784052
3122,2.736718
3123,2.7674675
3124,2.6634858
3125,2.6190646
3126,2.9057577
3127,2.7932415
3128,2.8962293
3129,2.9178426
3130,2.7964127
3131,2.7157965
3132,2.8586051
3133,2.5942886
3134,2.8376198
3135,2.7710218
3136,2.7844481
3137,2.965182
3138,2.6131344
3139,2.9169364
3140,2.9011421
3141,2.8639245
3142,2.6881766
3143,2.9917333
3144,2.8302016
3145,2.8566947
3146,2.7437718
3147,2.8783274
3148,2.7120922
3149,2.8816977
3150,2.8627977
3151,2.837116
3152,2.862306
3153,2.7319694
3154,2.8187153
3155,2.9337065
3156,2.7643962
3157,2.8892229
3158,2.93258
3159,2.8309321
3160,2.8402915
3161,2.7192512
3162,2.7639446
3163,2.8864145
3164,2.6406453
3165,2.6623445
3166,2.6965313
3167,2.8935964
3168,2.709535
3169,2.883874
3170,2.8843007
3171,2.9246576
3172,2.8710864
3173,2.6647055
3174,2.7054396
3175,2.7592688
3176,2.8456416
3177,2.911721
3178,2.780585
3179,2.817557
3180,2.7901642
3181,2.6549745
3182,2.9895709
3183,2.8928044
3184,2.8457706
3185,2.8571053
3186,2.876776
3187,2.738264
3188,2.8402083
3189,2.9594538
3190,2.8829057
3191,2.8175795
3192,2.6785636
3193,2.9896042
3194,2.971798
3195,2.4458127
3196,2.741939
3197,2.8085976
3198,2.9608514
3199,2.9972088
3200,2.8289187
3201,2.7726805
3202,2.824888
3203,2.438225
3204,2.735667
3205,2.708903
3206,2.899675
3207,2.938101
3208,2.852006
3209,2.7868843
3210,2.9951746
3211,2.4663374
3212,2.919428
3213,2.9415188
3214,2.8727164
3215,2.7954109
3216,2.7584462
3217,3.0067637
3218,2.7239392
3219,2.6756377
3220,2.9565113
3221,2.8058548
3222,2.8050678
3223,2.859974
3224,2.7411022
3225,2.8057153
3226,2.7767718
3227,2.9661713
3228,2.9458296
3229,2.9802911
3230,2.8339458
3231,2.9031844
3232,2.8858984
3233,2.754957
3234,2.7627876
3235,2.7553203
3236,2.608404
3237,2.9138958
3238,2.7773046
3239,2.7100298
3240,2.9901214
3241,2.7946832
3242,2.8418236
3243,2.796757
3244,2.6749012
3245,2.7334738
3246,2.8930087
3247,2.8448398
3248,2.9137745
3249,2.8150322
3250,3.0088525
3251,2.5879576
3252,2.87498
3253,2.9247603
3254,2.6620128
3255,2.4246294
3256,2.9281185
3257,2.8844404
3258,2.8716729
3259,2.94683
3260,2.7220097
3261,2.9935796
3262,2.7604778
3263,2.4888375
3264,2.7283869
3265,2.5506861
3266,2.4699085
3267,2.8241801
3268,2.4906433
3269,2.9368844
3270,2.923671
3271,2.8318133
3272,2.8218122
3273,2.8302047
3274,2.9989133
3275,2.9017859
3276,2.831553
3277,2.7931197
3278,2.9657571
3279,2.8289325
3280,3.027755
3281,2.386204
3282,2.7152781
3283,3.02584
3284,2.9213781
3285,2.9571483
3286,2.702574
3287,2.8376896
3288,2.8675404
3289,2.9056509
3290,2.9241574
3291,2.8815446
3292,2.9579768
3293,2.94909
3294,2.8186479
3295,2.847949
3296,2.8044753
3297,2.812292
3298,2.9167051
3299,2.8413901
3300,2.868801
3301,2.6578622
3302,2.775939
3303,2.840844
3304,2.8593202
3305,2.8663793
3306,2.655726
3307,2.9061568
3308,2.8140464
3309,2.6434574
3310,2.7675178
3311,2.7097402
3312,2.801783
3313,2.9604514
3314,2.8447344
3315,2.9549022
3316,2.8715475
3317,2.7631361
3318,2.6311717
3319,2.7359786
3320,2.8847115
3321,2.8598425
3322,2.768313
3323,2.953189
3324,2.7130997
3325,2.983335
3326,3.0140672
3327,2.9459558
3328,2.8071728
3329,2.864313
3330,2.970485
3331,2.68324
3332,2.9306738
3333,2.998273
3334,2.694608
3335,2.8678575
3336,2.7830386
3337,2.402669
3338,2.8759131
3339,2.758532
3340,2.9995852
3341,2.7790794
3342,2.939602
3343,2.9470296
3344,2.773793
3345,2.7468014
3346,2.821786
3347,2.6596243
3348,2.8297186
3349,2.9029047
3350,2.983479
3351,2.9260657
3352,2.7577097
3353,2.9493973
3354,2.7872498
3355,2.6940064
3356,2.8744016
3357,2.7592738
3358,2.8263617
3359,2.9232183
3360,2.861264
3361,2.9857383
3362,2.8714743
3363,2.7731266
3364,2.8735292
3365,2.7425404
3366,2.9189813
3367,2.9958627
3368,2.655572
3369,2.8774679
3370,2.894108
3371,2.946071
3372,2.6803906
3373,2.952146
3374,2.852239
3375,2.9601495
3376,2.8412147
3377,2.7698562
3378,2.830295
3379,2.9830992
3380,2.8570387
3381,2.6757977
3382,2.6349044
3383,2.7647705
3384,2.9130142
3385,2.9402034
3386,2.6332533
3387,2.7851055
3388,2.9686046
3389,3.0310388
3390,2.8129554
3391,2.8464515
3392,2.8070881
3393,2.815585
3394,2.9977815
3395,2.9741812
3396,2.8544931
3397,2.490505
3398,2.9938118
3399,2.916562
3400,2.7682881
3401,2.7319198
3402,2.6457543
3403,2.8244374
3404,2.7988734
3405,2.8354332
3406,2.9528823
3407,3.0101447
3408,2.874681
3409,2.7554035
3410,2.8242571
3411,2.9618404
3412,2.8023016
3413,2.8758783
3414,2.7350886
3415,2.8682222
3416,2.79583
3417,2.8728013
3418,2.9004161
3419,3.0210693
3420,2.7698343
3421,2.810918
3422,2.8027008
3423,3.0076485
3424,2.6916788
3425,2.7378428
3426,2.842628
3427,2.7997088
3428,2.7077932
3429,2.869764
3430,3.031668
3431,2.7562623
3432,2.8065512
3433,2.7283552
3434,2.7863088
3435,3.0047848
3436,2.9965858
3437,2.8753319
3438,2.8210423
3439,2.9375587
3440,2.8659265
3441,2.9559486
3442,2.7433956
3443,2.7790143
3444,2.569847
3445,2.923634
3446,2.547109
3447,2.7756279
3448,2.912696
3449,2.8784118
3450,2.864191
3451,2.9520378
3452,2.8788376
3453,2.9616017
3454,2.8486872
3455,2.7525258
3456,2.9986393
3457,2.8899276
3458,2.8790858
3459,3.0319963
3460,2.902372
3461,2.8604162
3462,2.909158
3463,2.88369
3464,2.7260487
3465,2.73147
3466,2.9060874
3467,2.8582766
3468,2.9365528
3469,2.749533
3470,2.3256834
3471,2.9411576
3472,2.621036
3473,2.9431574
3474,2.8895366
3475,3.0178676
3476,2.8146894
3477,2.8926415
3478,2.7958264
3479,2.9094143
3480,2.8425024
3481,2.7988691
3482,2.723673
3483,2.6862645
3484,2.8216672
3485,2.9368625
3486,2.972095
3487,2.93302
3488,2.8361897
3489,2.7881885
3490,2.8527899
3491,2.8278446
3492,2.790039
3493,2.8656557
3494,2.805695
3495,2.9033837
3496,2.7358828
3497,2.970872
3498,2.7629943
3499,2.8274632
3500,2.6379824
3501,2.9354532
3502,2.9240718
3503,2.838591
3504,2.9033515
3505,2.8199868
3506,2.954946
3507,3.024588
3508,2.8877742
3509,2.8062716
3510,2.8150826
3511,2.8303914
3512,2.994892
3513,2.8557982
3514,2.8614953
3515,2.7705417
3516,2.8831673
3517,3.0314674
3518,2.9048529
3519,2.7265146
3520,2.733164
3521,2.5694048
3522,2.8651204
3523,2.8428528
3524,2.952894
3525,2.9877408
3526,2.8548162
3527,2.7489843
3528,2.819448
3529,3.0249414
3530,2.8809414
3531,2.8694482
3532,2.9749248
3533,2.8401964
3534,2.8313613
3535,2.95598
3536,2.7500677
3537,2.960196
3538,2.8953578
3539,2.8499422
3540,2.6673841
3541,2.8927643
3542,2.8726232
3543,2.535807
3544,2.8515182
3545,2.7388036
3546,2.6940556
3547,2.983708
3548,3.0582016
3549,2.6997035
3550,3.0419328
3551,2.9872768
3552,2.9160705
3553,2.8804276
3554,2.982592
3555,2.9139166
3556,2.925478
3557,2.85666
3558,2.9894674
3559,2.900737
3560,2.818634
3561,2.980672
3562,2.781616
3563,2.7919965
3564,2.7588866
3565,2.8905902
3566,2.9269297
3567,2.8048186
3568,2.7890258
3569,2.978673
3570,2.7265081
3571,2.8917105
3572,2.9226286
3573,2.8018765
3574,2.825977
3575,2.7672698
3576,2.8652654
3577,2.7457244
3578,2.9272742
3579,2.9222565
3580,2.860249
3581,2.8899477
3582,2.9697318
3583,2.664335
3584,2.66427
3585,2.9370298
3586,2.8637335
3587,2.7449408
3588,2.733611
3589,2.8240855
3590,2.7601662
3591,3.0400426
3592,2.7109363
3593,2.7266035
3594,2.8913608
3595,2.8545237
3596,2.8288085
3597,2.8854914
3598,2.8987029
3599,2.8165157
3600,2.7913072
3601,2.4997528
3602,2.6909533
3603,2.9220257
3604,2.7995758
3605,2.9103508
3606,2.7017229
3607,2.9158437
3608,2.9574525
3609,2.724483
3610,2.8224108
3611,2.5288675
3612,2.8421772
3613,2.76792
3614,2.9567983
3615,2.939137
3616,2.8771746
3617,2.8810039
3618,2.889498
3619,2.624855
3620,2.9540884
3621,2.9797432
3622,2.990528
3623,2.9039192
3624,2.6064467
3625,2.6370249
3626,2.8407543
3627,2.927065
3628,2.9660149
3629,2.723117
3630,2.5758278
3631,2.954526
3632,2.816052
3633,2.8907006
3634,2.6945434
3635,2.7719963
3636,2.901792
3637,2.7538712
3638,2.870304
3639,2.8994467
3640,3.0325646
3641,2.7601895
3642,2.7302175
3643,2.8104022
3644,2.822499
3645,2.8601522
3646,2.8597896
3647,2.9316647
3648,2.8405619
3649,2.8516347
3650,2.7752023
3651,3.0326495
3652,2.8037462
3653,2.972946
3654,2.7969053
3655,2.8950794
3656,2.8031256
3657,2.566314
3658,2.778735
3659,2.9596457
3660,2.991357
3661,2.802984
3662,2.848312
3663,3.0054514
3664,2.5706372
3665,2.7246156
3666,2.7962663
3667,2.9273083
3668,2.9013703
3669,2.7781038
3670,2.9343116
3671,2.9057171
3672,2.8207922
3673,2.9948971
3674,2.7414637
3675,3.0365887
3676,2.8925767
3677,2.7676008
3678,2.8124235
3679,2.909598
3680,2.758601
3681,2.8614106
3682,2.9039874
3683,2.7752893
3684,2.9703019
3685,2.9178042
3686,2.7411337
3687,2.9281282
3688,2.8225107
3689,2.7535956
3690,2.8964334
3691,2.77418
3692,2.6159863
3693,2.9756057
3694,2.9455895
3695,2.9408443
3696,2.8762405
3697,2.9058194
3698,2.933977
3699,2.7828426
3700,2.7145405
3701,2.8580515
3702,2.4396982
3703,2.969325
3704,2.881744
3705,2.7893484
3706,2.9075794
3707,2.797937
3708,2.6414325
3709,3.0244184
3710,2.814125
3711,2.7866464
3712,2.8227882
3713,2.8543038
3714,2.5075948
3715,2.7469397
3716,2.770147
3717,2.5188844
3718,2.8407767
3719,2.9304883
3720,2.8670232
3721,2.5806956
3722,2.939904
3723,2.693085
3724,2.8307843
3725,2.7853057
3726,2.8107812
3727,2.9269927
3728,2.8923812
3729,2.8280282
3730,2.956523
3731,2.9627917
3732,2.6532114
3733,3.0211458
3734,3.0259526
3735,2.831884
3736,2.797338
3737,2.8366117
3738,2.719402
3739,2.8162484
3740,2.7666936
3741,2.7920399
3742,2.9480472
3743,2.829945
3744,3.005316
3745,2.9246583
3746,2.9868941
3747,2.5196276
3748,2.7288942
3749,2.8254163
3750,2.5785272
3751,2.8015301
3752,2.7592263
3753,2.8233414
3754,2.8478773
3755,2.976046
3756,2.7721353
3757,3.022034
3758,2.9398444
3759,2.82046
3760,3.0035331
3761,2.9243662
3762,3.014256
3763,2.7964633
3764,2.8584447
3765,2.7559664
3766,2.7188222
3767,2.8786237
3768,2.8695793
3769,2.6894438
3770,2.8067372
3771,2.9256191
3772,2.9174807
3773,2.8766725
3774,2.7609997
3775,2.9706647
3776,2.9683392
3777,2.7353263
3778,2.5614107
3779,2.717905
3780,2.6099913
3781,2.7921805
3782,2.709335
3783,2.881329
3784,2.7158215
3785,3.0317414
3786,2.8775036
3787,3.0032325
3788,3.0399272
3789,2.7649417
3790,2.7456126
3791,2.8265183
3792,2.4830005
3793,2.7807794
3794,2.7353165
3795,2.966522
3796,2.7507312
3797,2.8949068
3798,2.8537972
3799,2.7659044
3800,2.6633096
3801,2.9430108
3802,2.6889012
3803,2.841455
3804,2.6867173
3805,2.519319
3806,2.9023764
3807,2.727368
3808,2.751329
3809,2.8487232
3810,2.762145
3811,2.8309865
3812,2.729061
3813,2.6406283
3814,2.7919948
3815,2.9287517
3816,2.8424757
3817,2.8686275
3818,2.9829314
3819,2.9349566
3820,2.949982
3821,2.9000814
3822,2.9347322
3823,2.7337978
3824,2.770926
3825,2.81955
3826,2.9402473
3827,2.923182
3828,2.8221152
3829,2.4251115
3830,2.8350115
3831,2.385462
3832,2.9736462
3833,2.8333766
3834,2.85393
3835,2.8570445
3836,2.74685
3837,2.9192271
3838,2.8243778
3839,2.7475502
3840,2.897496
3841,2.7393477
3842,2.7060184
3843,2.8675718
3844,2.6358316
3845,2.2858622
3846,2.536839
3847,2.6151452
3848,2.6880038
3849,2.9578075
3850,2.880603
3851,2.925528
3852,2.719063
3853,2.9146369
3854,2.5456514
3855,2.6984549
3856,2.8753095
3857,3.0162802
3858,2.5612545
3859,2.7850606
3860,2.886378
3861,2.9077609
3862,2.8619363
3863,2.9672866
3864,2.9163458
3865,2.987225
3866,2.810681
3867,2.8941915
3868,2.8171306
3869,2.9789734
3870,2.9808042
3871,3.0266068
3872,2.8818173
3873,2.908902
3874,2.7117465
3875,2.9311075
3876,2.5817633
3877,2.8007464
3878,2.9108706
3879,3.0093775
3880,2.7649913
3881,2.5821466
3882,2.7789123
3883,2.6249666
3884,2.9459841
3885,2.8849056
3886,2.8927596
3887,2.868891
3888,2.8155963
3889,2.7813919
3890,2.960879
3891,2.7393293
3892,2.780811
3893,3.0289507
3894,2.9338274
3895,2.8589013
3896,2.8981876
3897,2.7851648
3898,2.8204174
3899,3.02784
3900,2.7163305
3901,2.6138306
3902,2.3420708
3903,2.7150304
3904,2.8201783
3905,2.845458
3906,2.9214635
3907,2.8405027
3908,2.852672
3909,2.6342824
3910,2.8183415
3911,2.6280682
3912,2.8179858
3913,2.9686787
3914,2.8382237
3915,2.9747064
3916,2.6061008
3917,2.835063
3918,2.7437856
3919,2.9540927
3920,2.8050697
3921,2.687462
3922,2.821564
3923,2.8941169
3924,2.8094752
3925,2.9813054
3926,2.7584798
3927,2.953106
3928,2.963827
3929,2.8132784
3930,2.544621
3931,2.8131247
3932,2.7983277
3933,2.876211
3934,2.9268646
3935,2.17545
3936,2.7232852
3937,2.9410894
3938,2.7783644
3939,2.9063742
3940,2.813274
3941,2.8304372
3942,3.0100167
3943,3.0530565
3944,2.8591547
3945,2.9519267
3946,2.697551
3947,2.8767703
3948,2.8067505
3949,2.6652353
3950,2.7543738
3951,2.84541
3952,2.8715727
3953,2.895139
3954,3.0175605
3955,2.8509922
3956,2.9298682
3957,2.8047853
3958,2.7417865
3959,2.8407469
3960,2.6877866
3961,2.869919
3962,2.7256727
3963,2.8739016
3964,3.0107281
3965,2.9616268
3966,2.9103477
3967,3.0274606
3968,2.790808
3969,2.8094413
3970,2.8340976
3971,2.8395395
3972,2.8327916
3973,2.9346185
3974,2.6162434
3975,2.918997
3976,2.8855126
3977,2.9662535
3978,2.972
3979,2.7698607
3980,2.6366494
3981,2.7240057
3982,2.8058383
3983,2.610908
3984,2.9551854
3985,2.7362947
3986,3.0256085
3987,2.883466
3988,2.8367229
3989,2.8976812
3990,2.920777
3991,2.7260568
3992,2.606125
3993,2.7359302
3994,2.8369606
3995,2.856981
3996,2.881192
3997,2.7658236
3998,2.9089234
3999,2.8753324
4000,2.854588
4001,2.7835023
4002,2.9844375
4003,2.3197508
4004,2.923519
4005,2.6906788
4006,2.8840542
4007,2.5876231
4008,2.8318148
4009,2.7790005
4010,2.6210487
4011,2.873826
4012,2.9842107
4013,2.9763844
4014,2.5927322
4015,2.892396
4016,2.883817
4017,2.8116739
4018,2.9592319
4019,3.0103946
4020,2.8163843
4021,2.887939
4022,2.785822
4023,3.0026834
4024,2.838559
4025,2.649719
4026,2.895227
4027,2.9299924
4028,2.7428608
4029,2.455518
4030,2.8901663
4031,2.9201546
4032,2.6212943
4033,2.673186
4034,2.6782775
4035,2.9490325
4036,2.733162
4037,2.7212868
4038,2.707414
4039,2.760126
4040,2.8071454
4041,2.7497394
4042,2.886439
4043,2.830874
4044,2.94718
4045,2.8415217
4046,2.7287517
4047,3.0497203
4048,2.8730254
4049,2.4452138
4050,2.690319
4051,3.0092382
4052,2.636557
4053,2.7095997
4054,2.7829282
4055,2.8502245
4056,2.735159
4057,2.5379803
4058,2.7225986
4059,2.7883053
4060,2.8852122
4061,2.9004927
4062,2.8560457
4063,2.8931916
4064,2.999483
4065,2.959722
4066,2.823821
4067,2.8902078
4068,2.796719
4069,2.8812733
4070,2.8045404
4071,2.750731
4072,2.84393
4073,2.9792676
4074,2.5104225
4075,2.880823
4076,2.9216924
4077,2.9081843
4078,2.7747777
4079,2.9561098
4080,2.7741826
4081,2.8640018
4082,3.0041757
4083,2.83932
4084,2.4229362
4085,2.8316774
4086,2.961837
4087,2.8261592
4088,2.8996296
4089,2.8792233
4090,2.7879605
4091,2.979501
4092,2.853035
4093,2.8572543
4094,2.7127154
4095,2.9687345
4096,2.8442755
4097,2.9259639
4098,2.8628066
4099,2.8573995
4100,2.9570987
4101,2.888393
4102,2.7957616
4103,2.9272778
4104,2.793954
4105,2.5691676
4106,2.7855396
4107,2.605749
4108,2.8027565
4109,2.6092136
4110,2.827052
4111,2.7218468
4112,2.8899207
4113,2.7295337
4114,2.9563618
4115,2.7948709
4116,2.8470035
4117,2.7481716
4118,2.9129374
4119,2.8922668
4120,2.65688
4121,2.8633728
4122,2.985178
4123,2.8459675
4124,2.8675413
4125,2.894605
4126,2.845585
4127,2.8157482
4128,2.8634467
4129,2.576262
4130,2.837459
4131,2.928979
4132,2.9711885
4133,2.8588097
4134,2.8090653
4135,2.826811
4136,2.9946518
4137,2.7644203
4138,2.9034564
4139,2.8083448
4140,2.7817857
4141,2.697785
4142,2.8340714
4143,2.881104
4144,2.7281148
4145,2.8388956
4146,2.746924
4147,2.591515
4148,2.845808
4149,2.7799463
4150,2.6802177
4151,2.4629848
4152,2.8866677
4153,2.8563304
4154,2.627139
4155,2.8545787
4156,2.7870688
4157,2.8192477
4158,2.8070283
4159,2.8814168
4160,2.984291
4161,2.8343625
4162,2.8856807
4163,2.9868925
4164,2.8104331
4165,2.8136463
4166,2.6906934
4167,2.8579085
4168,2.7615798
4169,2.656313
4170,2.7670436
4171,2.8768063
4172,2.8970034
4173,2.8998435
4174,2.80549
4175,2.7393706
4176,2.843559
4177,2.5111935
4178,3.0106876
4179,2.6365244
4180,2.927387
4181,2.904127
4182,2.870583
4183,2.893569
4184,2.862476
4185,2.7668984
4186,2.827459
4187,2.8417852
4188,2.8079982
4189,2.5970666
4190,2.5878134
4191,2.5857823
4192,2.4390128
4193,3.031167
4194,2.9422913
4195,2.763645
4196,2.8434708
4197,2.8930452
4198,2.6887052
4199,2.8345973
4200,2.9110022
4201,2.9152226
4202,2.8716102
4203,2.8758628
4204,2.977456
4205,2.72273
4206,2.892683
4207,2.9959228
4208,3.0276895
4209,2.9365308
4210,2.9580674
4211,2.8950665
4212,3.0001118
4213,2.784116
4214,2.8409693
4215,2.7307472
4216,2.7282097
4217,2.7835212
4218,2.9008682
4219,2.8528981
4220,2.8832273
4221,2.4328153
4222,2.7248178
4223,2.9418857
4224,2.5671048
4225,2.8634233
4226,2.6803975
4227,2.8298542
4228,2.6404605
4229,2.9518347
4230,2.8098407
4231,2.735672
4232,2.8552873
4233,2.8466215
4234,2.7893343
4235,2.7252638
4236,2.7887824
4237,2.787105
4238,2.861556
4239,2.9416964
4240,2.997049
4241,2.9405048
4242,2.8358917
4243,2.7519794
4244,2.898928
4245,2.7912507
4246,2.6577647
4247,2.9325087
4248,2.8474975
4249,2.866701
4250,2.9107714
4251,2.6466424
4252,2.958883
4253,2.9429014
4254,2.9064648
4255,2.914382
4256,2.9803085
4257,2.9153702
4258,2.8374116
4259,2.7660394
4260,2.982083
4261,2.7644274
4262,2.571604
4263,2.6910858
4264,3.0443294
4265,2.7735639
4266,2.708564
4267,2.8630884
4268,2.7848673
4269,2.7843516
4270,3.0182848
4271,2.9033575
4272,2.489883
4273,2.875639
4274,2.9074554
4275,2.8060653
4276,2.8309736
4277,2.8751538
4278,2.845918
4279,2.8544338
4280,2.6921558
4281,2.7832155
4282,2.8483865
4283,2.7071009
4284,2.8514936
4285,2.6192465
4286,3.0539546
4287,2.8435857
4288,2.921068
4289,2.9336126
4290,2.939964
4291,2.831109
4292,2.773515
4293,2.8230224
4294,2.956004
4295,2.9850998
4296,2.9060972
4297,2.7723682
4298,2.7041616
4299,2.7799554
4300,2.8901193
4301,2.7987833
4302,2.839754
4303,2.7709992
4304,2.8476145
4305,2.8413615
4306,2.8730206
4307,2.6226425
4308,2.5441139
4309,2.9313486
4310,2.7120428
4311,2.72482
4312,2.8781848
4313,2.9075944
4314,2.8539112
4315,2.9677298
4316,2.9872775
4317,2.6749163
4318,2.9184477
4319,2.5329788
4320,2.730807
4321,2.8672738
4322,2.733595
4323,2.9282582
4324,2.748212
4325,2.763195
4326,2.7982562
4327,2.9194863
4328,2.8046308
4329,2.6251655
4330,2.969988
4331,2.9080453
4332,2.876901
4333,2.7612736
4334,2.9653063
4335,2.9539804
4336,2.845109
4337,2.3496776
4338,3.0108824
4339,2.9427254
4340,2.8145936
4341,2.8159442
4342,2.73432
4343,2.8887365
4344,2.7039232
4345,2.7095551
4346,2.8794565
4347,2.9083865
4348,2.6650333
4349,2.9986835
4350,2.7908263
4351,2.9552612
4352,2.728616
4353,3.0235395
4354,2.8468783
4355,2.8758848
4356,2.7476807
4357,2.9398317
4358,2.7736895
4359,2.8511584
4360,2.9060216
4361,2.9086506
4362,2.7285922
4363,2.9113867
4364,2.927474
4365,2.7252328
4366,2.92465
4367,2.920367
4368,2.9632037
4369,2.878241
4370,2.8489666
4371,2.8070765
4372,2.9262595
4373,2.8306563
4374,2.888771
4375,2.7500947
4376,2.5254457
4377,2.7335443
4378,2.6699996
4379,2.946957
4380,2.935198
4381,2.9060793
4382,2.9523506
4383,2.993507
4384,2.8413217
4385,2.7158098
4386,2.907024
4387,2.8806577
4388,2.8551962
4389,2.9983487
4390,2.7974946
4391,2.627886
4392,2.9598486
4393,2.8813827
4394,2.8939123
4395,2.8266485
4396,2.8713853
4397,2.8291469
4398,3.0150058
4399,2.762484
4400,2.7575614
4401,2.8128164
4402,2.7913392
4403,2.8674455
4404,2.932679
4405,2.8628535
4406,2.6476505
4407,2.729512
4408,2.694916
4409,2.6084766
4410,2.736562
4411,2.6823223
4412,2.8943574
4413,2.9039016
4414,2.4899223
4415,2.785589
4416,2.6185274
4417,2.9347801
4418,2.5966854
4419,2.888066
4420,3.0092244
4421,2.6757526
4422,2.7252874
4423,2.7426894
4424,2.7535286
4425,2.8638268
4426,2.7242978
4427,2.9194064
4428,2.757325
4429,2.7282813
4430,2.539582
4431,2.6151478
4432,2.975545
4433,3.0016544
4434,3.0424576
4435,2.9394858
4436,2.862441
4437,2.7914386
4438,2.5801992
4439,2.8733056
4440,2.6018062
4441,2.9305933
4442,2.6861122
4443,2.6794012
4444,2.6928327
4445,2.7882657
4446,2.5891743
4447,2.816336
4448,2.7224414
4449,2.7978153
4450,2.9578507
4451,2.977053
4452,2.865432
4453,2.7191763
4454,2.5708761
4455,2.787515
4456,2.887629
4457,2.629467
4458,2.673611
4459,2.9246035
4460,2.6999323
4461,2.9684274
4462,2.9404538
4463,2.7585025
4464,2.8594851
4465,2.837967
4466,2.6781476
4467,2.894828
4468,2.7512243
4469,2.8366656
4470,2.8333354
4471,2.505336
4472,2.9652753
4473,2.7376232
4474,2.811579
4475,2.7486808
4476,2.7304916
4477,2.8886676
4478,2.716129
4479,2.5891795
4480,2.9486017
4481,2.8257785
4482,2.8954706
4483,2.7800786
4484,2.723651
4485,2.862078
4486,2.8727157
4487,2.8794115
4488,2.8864925
4489,2.931181
4490,2.6333864
4491,2.9992118
4492,2.9002333
4493,2.7980049
4494,2.9100356
4495,2.749774
4496,2.8828115
4497,2.786088
4498,2.8656352
4499,2.7310672
4500,2.9195397
4501,2.8987992
4502,2.7490695
4503,3.0535274
4504,2.799256
4505,2.6977365
4506,2.9644678
4507,2.659026
4508,2.6463263
4509,2.7777545
4510,2.7573516
4511,2.9436426
4512,2.5040767
4513,2.879102
4514,2.8272884
4515,2.9381075
4516,2.8189647
4517,2.8066716
4518,3.0219612
4519,2.9411776
4520,2.7715645
4521,2.888392
4522,2.9317558
4523,2.8360617
4524,2.8255672
4525,2.7870908
4526,2.8035142
4527,2.8731227
4528,2.6584723
4529,2.6824195
4530,2.796008
4531,2.8619516
4532,2.8397727
4533,2.879683
4534,2.7662122
4535,2.883494
4536,2.8061466
4537,2.7851815
4538,2.8752618
4539,2.5708213
4540,2.9539883
4541,2.8417988
4542,2.9384837
4543,2.9037282
4544,2.8768082
4545,2.5325985
4546,2.5066767
4547,2.7034671
4548,2.7395144
4549,1.9604024
4550,2.7724273
4551,3.0274096
4552,2.9071481
4553,2.851803
4554,2.9915054
4555,2.6515033
4556,2.87385
4557,2.792177
4558,2.856216
4559,2.9704256
4560,2.9288714
4561,2.873466
4562,2.61382
4563,3.0004134
4564,2.6557899
4565,2.5381067
4566,2.8841186
4567,2.9583564
4568,2.8256552
4569,2.8349078
4570,2.902319
4571,2.7123754
4572,2.855565
4573,2.9437702
4574,2.5827093
4575,2.6354523
4576,2.7584848
4577,2.8196733
4578,2.9111407
4579,2.675646
4580,2.860151
4581,2.845224
4582,2.866752
4583,2.9373617
4584,2.7535903
4585,2.9878478
4586,2.8753424
4587,2.746999
4588,3.0208073
4589,2.7462704
4590,3.0332537
4591,2.9208398
4592,2.5083177
4593,2.5638065
4594,2.8935251
4595,3.04476
4596,3.0243192
4597,2.9339468
4598,2.9893544
4599,2.83166
4600,2.5326629
4601,2.9006007
4602,2.877069
4603,2.835267
4604,2.7942467
4605,3.0222929
4606,2.9792852
4607,2.8691998
4608,2.8248858
4609,2.8573453
4610,2.993093
4611,2.845049
4612,2.6849203
4613,2.812581
4614,2.86705
4615,2.7516258
4616,2.7087238
4617,2.9454727
4618,2.787941
4619,2.8412032
4620,2.8634877
4621,2.9993587
4622,2.8722744
4623,2.8198001
4624,2.7219803
4625,2.8176649
4626,2.8274102
4627,2.8598187
4628,2.728604
4629,2.7502353
4630,2.8348792
4631,2.7633529
4632,2.8138657
4633,2.7182448
4634,2.7215242
4635,2.6697044
4636,2.9474726
4637,2.7392364
4638,2.831375
4639,2.7170522
4640,2.9435647
4641,2.865893
4642,2.8644357
4643,2.9257977
4644,2.824135
4645,2.8099322
4646,3.06844
4647,2.7030303
4648,2.822422
4649,2.9250655
4650,2.9495714
4651,2.903435
4652,2.9377728
4653,2.527532
4654,2.9468863
4655,2.9879053
4656,2.8647268
4657,2.77092
4658,2.9663029
4659,2.7982829
4660,2.8442109
4661,2.8082292
4662,2.790746
4663,2.8345447
4664,2.849531
4665,2.8727214
4666,2.9713125
4667,2.9921901
4668,2.6772504
4669,2.8235128
4670,2.876231
4671,2.824103
4672,2.5637116
4673,2.880443
4674,2.8206959
4675,2.8308966
4676,2.718637
4677,2.459507
4678,2.7740474
4679,2.4880602
4680,2.6290307
4681,2.856993
4682,2.775142
4683,2.7467175
4684,2.699615
4685,2.9350803
4686,2.7963233
4687,2.854938
4688,2.9478474
4689,2.7882838
4690,2.750633
4691,2.865874
4692,2.843506
4693,2.733783
4694,2.8053372
4695,2.8603044
4696,2.8241837
4697,2.922487
4698,2.7680805
4699,2.6791744
4700,2.9644663
4701,3.0052683
4702,2.8362713
4703,2.7366524
4704,2.877358
4705,2.9515257
4706,2.9156175
4707,2.6684659
4708,2.8566928
4709,2.5856586
4710,3.0331073
4711,2.807257
4712,2.7583344
4713,3.0229437
4714,2.6184058
4715,2.549006
4716,2.794087
4717,2.829386
4718,2.7821171
4719,2.9528906
4720,2.7278786
4721,2.7802534
4722,2.8987205
4723,2.6917508
4724,2.9485474
4725,2.791293
4726,2.776025
4727,2.880168
4728,2.8758438
4729,2.9651003
4730,2.647644
4731,2.8276017
4732,2.9901443
4733,2.5973246
4734,3.0110886
4735,2.8491383
4736,2.8220387
4737,2.8568814
4738,2.7646601
4739,2.9321656
4740,3.059307
4741,2.6816711
4742,2.9808462
4743,2.6601772
4744,2.6448536
4745,2.9778311
4746,2.9359636
4747,2.8562186
4748,2.9363523
4749,2.8152194
4750,2.8245847
4751,2.8927314
4752,2.7131622
4753,2.8546991
4754,3.0215735
4755,2.8659277
4756,2.8927653
4757,2.9864743
4758,2.975208
4759,2.9949367
4760,2.4049284
4761,2.8260188
4762,2.7249038
4763,2.4367638
4764,3.029981
4765,2.8747149
4766,2.9850104
4767,2.8637383
4768,2.964485
4769,2.9190302
4770,2.9000397
4771,2.8539627
4772,2.8563182
4773,2.8131244
4774,2.87584
4775,2.5902915
4776,2.8144505
4777,3.0199318
4778,2.954113
4779,2.745561
4780,2.9827764
4781,2.669685
4782,2.8839734
4783,2.84954
4784,2.8097618
4785,2.837938
4786,2.9398046
4787,2.9944878
4788,2.7926686
4789,2.7833893
4790,2.9909632
4791,2.7421901
4792,2.695044
4793,2.8961413
4794,2.6434178
4795,2.7682385
4796,2.8092823
4797,3.0440521
4798,2.9653585
4799,2.869632
4800,2.897633
4801,2.6182458
4802,2.8791924
4803,2.7261035
4804,2.7742016
4805,2.5354602
4806,2.7682984
4807,2.6866536
4808,2.6544394
4809,2.9562337
4810,2.4871213
4811,2.8543072
4812,2.9105325
4813,2.9278467
4814,2.5977511
4815,2.8469934
4816,2.8784602
4817,2.848315
4818,2.9086356
4819,2.784793
4820,2.8973925
4821,2.7353432
4822,2.6919744
4823,2.8491511
4824,2.91944
4825,2.8360837
4826,2.617118
4827,2.8899667
4828,2.8753004
4829,2.91762
4830,2.876335
4831,2.905537
4832,2.8252106
4833,2.8892703
4834,2.811659
4835,2.6781542
4836,2.783837
4837,2.9691038
4838,2.893091
4839,2.5893574
4840,3.0259657
4841,2.6328216
4842,2.9562404
4843,2.9712393
4844,2.7981775
4845,2.8711822
4846,2.8128295
4847,2.959323
4848,2.950306
4849,2.9754171
4850,2.8218699
4851,2.6492825
4852,2.6841733
4853,2.9575925
4854,2.865157
4855,2.87093
4856,2.8501859
4857,2.85755
4858,2.8450382
4859,2.8410752
4860,3.035781
4861,2.9732203
4862,2.8810358
4863,2.990734
4864,2.875559
4865,2.897995
4866,2.8011153
4867,2.9544675
4868,2.785063
4869,2.6975474
4870,2.8317177
4871,2.8790445
4872,2.7720554
4873,2.8150847
4874,2.9557364
4875,2.8939075
4876,2.8400817
4877,2.887899
4878,2.852141
4879,2.8957188
4880,2.8876402
4881,2.712293
4882,2.815204
4883,2.9282827
4884,2.9643006
4885,2.7173178
4886,2.8629642
4887,2.6023874
4888,2.7274153
4889,2.735742
4890,2.9691567
4891,2.7187233
4892,2.6745992
4893,2.9284945
4894,2.8243246
4895,2.7300496
4896,2.768984
4897,2.7269626
4898,2.9710283
4899,2.9177122
4900,2.981219
4901,2.9235985
4902,2.7159605
4903,2.6632295
4904,3.0104623
4905,2.8298948
4906,2.3618114
4907,3.0437334
4908,2.869823
4909,2.94994
4910,2.83883
4911,2.8622415
4912,2.9608808
4913,2.8517945
4914,2.8947208
4915,2.9352098
4916,2.850323
4917,2.7521274
4918,2.9160333
4919,2.8881564
4920,2.9115741
4921,2.9582722
4922,2.7872088
4923,2.6232026
4924,2.960911
4925,2.9625766
4926,2.6299887
4927,2.8606756
4928,2.8580008
4929,2.811997
4930,2.7649841
4931,2.8476493
4932,2.6772785
4933,2.9459074
4934,2.7383912
4935,2.9984977
4936,2.8094268
4937,2.611549
4938,2.8598738
4939,2.6361828
4940,2.711279
4941,2.7994478
4942,2.7962627
4943,2.9320242
4944,2.9361837
4945,2.7920282
4946,2.7918527
4947,2.6279466
4948,2.7745304
4949,2.838297
4950,2.924699
4951,2.6286552
4952,2.8720603
4953,2.9294424
4954,2.8608742
4955,2.7507849
4956,2.5871575
4957,2.9198623
4958,2.8031185
4959,2.8719294
4960,2.7663324
4961,2.936404
4962,2.7636716
4963,2.8304446
4964,2.7469964
4965,2.6911263
4966,2.6028955
4967,2.9255085
4968,2.7838752
4969,2.4525535
4970,2.7288103
4971,2.9106576
4972,2.8414068
4973,2.7739272
4974,2.9594262
4975,2.7642167
4976,2.615755
4977,2.894814
4978,2.7381825
4979,2.858298
4980,2.9242218
4981,2.829023
4982,2.9199078
4983,2.6673822
4984,2.9224916
4985,3.0486546
4986,2.761999
4987,2.821715
4988,2.7783515
4989,2.8317606
4990,2.725675
4991,2.8484535
4992,3.008093
4993,2.761168
4994,2.9671261
4995,2.6236968
4996,2.8629217
4997,2.9499977
4998,2.93981
4999,2.9704366
5000,3.0111127
5001,3.0214787
5002,2.9884903
5003,2.8913214
5004,2.839297
5005,2.8940508
5006,3.0635853
5007,2.8637707
5008,3.0314574
5009,2.8185265
5010,2.71664
5011,2.9111295
5012,2.9026697
5013,2.7773695
5014,2.9125674
5015,2.768909
5016,2.9583833
5017,2.8011
5018,2.8360996
5019,2.9073396
5020,2.7394793
5021,2.5733132
5022,2.896264
5023,2.648995
5024,2.959805
5025,2.7228432
5026,2.9716332
5027,2.837818
5028,2.9283462
5029,2.8943942
5030,2.8980966
5031,2.807081
5032,2.9392068
5033,2.7483666
5034,2.6019647
5035,2.6820285
5036,2.85952
5037,2.9546688
5038,3.0407271
5039,2.6696076
5040,2.9420886
5041,2.8887305
5042,2.801325
5043,2.8866193
5044,2.9450328
5045,2.704039
5046,2.7747416
5047,2.7658832
5048,2.6018693
5049,2.9612062
5050,2.699443
5051,3.0271995
5052,2.9770415
5053,2.8172982
5054,2.8842201
5055,2.8331008
5056,2.7600257
5057,2.8457015
5058,2.901899
5059,2.8865752
5060,2.9623094
5061,2.9106138
5062,2.5924168
5063,2.4841316
5064,2.8700888
5065,2.7832139
5066,2.8043404
5067,2.9468782
5068,2.8780859
5069,2.9333215
5070,2.7534359
5071,2.9731498
5072,2.9536815
5073,2.8021996
5074,2.8227494
5075,2.8321726
5076,2.8880045
5077,2.9245882
5078,2.8149598
5079,2.7664242
5080,2.9894302
5081,2.888435
5082,2.8889666
5083,2.4187438
5084,2.8229108
5085,2.677892
5086,2.8066366
5087,2.8012784
5088,2.7968607
5089,2.713019
5090,2.832582
5091,2.8882904
5092,2.8706436
5093,2.8696458
5094,2.9783814
5095,2.9371598
5096,2.9022632
5097,2.3326864
5098,2.7179337
5099,2.826843
5100,2.7617168
5101,2.5774477
5102,2.7409937
5103,2.6996577
5104,2.8548877
5105,2.7418907
5106,2.7390797
5107,2.7002542
5108,2.8365033
5109,2.505088
5110,2.8986235
5111,2.965846
5112,2.758315
5113,2.2335932
5114,2.7627368
5115,2.7824748
5116,2.7690263
5117,2.99545
5118,2.8978531
5119,2.7012806
5120,2.5922503
5121,2.9542325
5122,2.8604867
5123,2.8780067
5124,2.8372786
5125,2.856785
5126,2.7631812
5127,2.867683
5128,2.1420746
5129,2.7179601
5130,2.8955185
5131,2.774898
5132,2.8492973
5133,2.974102
5134,2.9555097
5135,2.986596
5136,2.735384
5137,2.8841786
5138,2.8742485
5139,3.001915
5140,2.9242182
5141,2.8601577
5142,2.9996343
5143,2.9756174
5144,2.9192843
5145,2.8330154
5146,2.73779
5147,2.7429857
5148,2.8080645
5149,2.7392576
5150,3.0171325
5151,3.0267422
5152,2.9315398
5153,2.6654572
5154,2.9076629
5155,2.6873727
5156,3.011832
5157,2.869549
5158,2.5259774
5159,2.9396374
5160,2.8929234
5161,2.7806935
5162,2.9919264
5163,2.86269
5164,2.700662
5165,2.9152513
5166,2.9962459
5167,2.7617424
5168,2.7680886
5169,2.8335
5170,2.737638
5171,2.898698
5172,2.8109398
5173,2.9255433
5174,2.9610608
5175,2.638645
5176,2.8283627
5177,2.9128606
5178,3.0080798
5179,2.681521
5180,2.867978
5181,2.5679238
5182,2.8827531
5183,2.7799366
5184,2.7927752
5185,2.7607203
5186,2.8116803
5187,2.7671611
5188,2.89756
5189,2.898436
5190,2.9652615
5191,2.8149712
5192,2.9572513
5193,2.960204
5194,2.893241
5195,2.9793725
5196,2.8774467
5197,2.901505
5198,2.8873415
5199,2.8137476
5200,2.9019082
5201,2.8847601
5202,2.7415106
5203,2.7541218
5204,2.5540478
5205,2.836194
5206,2.8434377
5207,2.7929566
5208,2.7638407
5209,2.961752
5210,2.8042881
5211,2.8543558
5212,2.7320995
5213,2.936549
5214,2.5958266
5215,2.8555262
5216,2.9406128
5217,2.8327212
5218,2.8555143
5219,2.8403673
5220,2.9173856
5221,2.5508344
5222,2.8364575
5223,2.8133135
5224,2.6185777
5225,2.5290406
5226,2.9649727
5227,2.6868727
5228,2.8737786
5229,2.90515
5230,2.8361049
5231,2.8254056
5232,2.5607085
5233,2.6246202
5234,2.923638
5235,2.8658657
5236,2.9523032
5237,2.9771507
5238,2.7325437
5239,2.8808885
5240,2.9583755
5241,2.8768094
5242,2.8049312
5243,2.7271876
5244,2.9504576
5245,2.703029
5246,2.8304174
5247,2.9212892
5248,2.7163231
5249,2.8245234
5250,2.9429405
5251,2.8251867
5252,2.5398216
5253,2.7990963
5254,2.6953473
5255,2.9238493
5256,2.882992
5257,2.7085938
5258,2.6953232
5259,2.983021
5260,2.7951906
5261,2.9678166
5262,2.7982671
5263,2.9195764
5264,2.7885377
5265,2.8412595
5266,2.8426862
5267,2.6453109
5268,2.779474
5269,2.9511614
5270,2.8316505
5271,2.8689573
5272,2.9503295
5273,2.485847
5274,2.9052334
5275,2.9038758
5276,2.7686217
5277,2.7156837
5278,2.8432178
5279,2.7908988
5280,2.8100746
5281,2.7348247
5282,2.7598302
5283,2.8286266
5284,2.846133
5285,2.9402425
5286,2.875238
5287,2.8411741
5288,2.7204912
5289,2.8972945
5290,2.9191282
5291,3.0115688
5292,2.9696076
5293,2.9900439
5294,2.7137346
5295,3.0350454
5296,2.8255928
5297,2.9103515
5298,2.9311335
5299,2.8286424
5300,2.700632
5301,2.734118
5302,2.9561832
5303,2.811077
5304,2.836086
5305,2.8214078
5306,2.9223366
5307,3.007506
5308,2.6886978
5309,2.6745713
5310,2.9600668
5311,2.738851
5312,2.9751372
5313,3.0218577
5314,2.93302
5315,2.7235258
5316,2.8769846
5317,2.8262303
5318,2.7720327
5319,2.7639704
5320,2.816941
5321,2.9018366
5322,2.5748036
5323,2.944269
5324,2.8203177
5325,2.773182
5326,2.8410883
5327,2.988444
5328,2.8730023
5329,2.793309
5330,2.9987202
5331,2.6230114
5332,2.783934
5333,2.8256807
5334,2.8380048
5335,2.7408688
5336,2.8178093
5337,2.8200345
5338,2.9340205
5339,2.9023795
5340,2.7496517
5341,2.9794884
5342,2.92552
5343,2.905595
5344,2.9659715
5345,2.6537156
5346,2.9113147
5347,2.6565278
5348,2.8358374
5349,2.566949
5350,2.613101
5351,2.982807
5352,2.823326
5353,2.772986
5354,2.9138365
5355,2.887813
5356,2.9101336
5357,2.742986
5358,2.8433328
5359,2.9380124
5360,2.9633224
5361,2.8025174
5362,2.702222
5363,2.9050004
5364,2.6221833
5365,2.9395761
5366,2.828389
5367,2.8996923
5368,2.7948306
5369,2.996815
5370,2.8743966
5371,2.9200096
5372,3.0309186
5373,2.8556576
5374,2.902896
5375,2.938386
5376,2.9556255
5377,2.8801477
5378,2.737142
5379,2.8339128
5380,2.9956505
5381,2.8943663
5382,2.9421947
5383,2.3978217
5384,2.9709544
5385,2.9664524
5386,2.8542721
5387,2.7287114
5388,2.9914317
5389,2.9103038
5390,2.8191552
5391,2.8728046
5392,2.538631
5393,2.748736
5394,2.9170966
5395,2.882654
5396,2.9099104
5397,2.7508702
5398,2.833
5399,2.6774223
5400,2.8338144
5401,2.9244964
5402,2.9448545
5403,2.7613685
5404,2.74028
5405,2.873534
5406,2.706202
5407,3.014715
5408,3.0106013
5409,2.9846675
5410,2.6608186
5411,2.812357
5412,2.553946
5413,2.5611148
5414,2.9471471
5415,2.888908
5416,2.8819768
5417,2.9415233
5418,2.5619597
5419,2.5086184
5420,2.8668656
5421,2.8251634
5422,2.9528112
5423,2.9679391
5424,2.9791505
5425,2.8548074
5426,2.7505014
5427,2.7547321
5428,2.6879869
5429,2.9626122
5430,3.005094
5431,2.9142435
5432,2.9404206
5433,2.8543885
5434,2.9275272
5435,2.7604525
5436,2.8603494
5437,2.9114726
5438,2.738855
5439,2.7185645
5440,2.9445503
5441,2.743753
5442,2.994971
5443,2.9003897
5444,2.9148786
5445,2.9239736
5446,2.8939006
5447,2.8567345
5448,2.799891
5449,2.8978689
5450,2.6895075
5451,2.883286
5452,2.6338668
5453,2.972958
5454,2.9384537
5455,2.8320515
5456,2.8136532
5457,2.8645184
5458,2.81327
5459,2.8957574
5460,2.4075994
5461,2.6258683
5462,2.624588
5463,3.0492609
5464,2.7259865
5465,2.9026883
5466,2.9000466
5467,2.943539
5468,2.9268947
5469,2.6437693
5470,3.006124
5471,2.9603703
5472,2.947931
5473,2.8180838
5474,2.8741405
5475,2.8573258
5476,2.8314939
5477,2.8480854
5478,2.813213
5479,2.9197967
5480,2.8589447
5481,2.656888
5482,2.8772638
5483,2.8227158
5484,2.962483
5485,2.8314693
5486,2.791121
5487,3.0143056
5488,2.9287243
5489,2.892052
5490,2.8718767
5491,2.8428307
5492,2.8880835
5493,2.8577106
5494,2.46921
5495,2.8148732
5496,2.760144
5497,2.826895
5498,2.7360601
5499,2.942643
5500,2.840055
5501,2.6031094
5502,2.8138015
5503,2.6065745
5504,2.8627222
5505,2.7124665
5506,2.9360971
5507,2.8776731
5508,2.9805634
5509,2.9911673
5510,2.7701197
5511,2.743913
5512,2.9826643
5513,2.559805
5514,2.8172367
5515,2.6793535
5516,2.6018286
5517,2.9994724
5518,2.8373988
5519,2.9659362
5520,2.8120914
5521,2.8170476
5522,2.3144758
5523,3.0030265
5524,2.9662971
5525,2.9051757
5526,2.74437
5527,2.5481927
5528,2.9056218
5529,2.6942685
5530,3.0109103
5531,2.6267838
5532,2.8637612
5533,2.9485958
5534,3.0356998
5535,2.609738
5536,2.7629335
5537,2.8292024
5538,2.8423538
5539,2.9843724
5540,2.8705676
5541,2.9925816
5542,2.7168124
5543,2.8303497
5544,2.9286532
5545,2.5549233
5546,2.8348484
5547,2.8081222
5548,2.8351915
5549,2.8511503
5550,2.8636737
5551,2.8260634
5552,2.9349184
5553,2.925783
5554,2.7806823
5555,2.906681
5556,2.8791208
5557,2.832655
5558,3.0429325
5559,2.7885501
5560,2.7700496
5561,2.8075497
5562,2.8554993
5563,2.5094748
5564,2.7586832
5565,2.8505437
5566,2.8307593
5567,2.7912133
5568,2.8589547
5569,2.9304693
5570,2.95989
5571,2.9724348
5572,2.6790683
5573,2.925569
5574,2.8994975
5575,2.9253616
5576,2.8380961
5577,2.9049423
5578,2.857601
5579,2.8229747
5580,2.7115204
5581,2.827111
5582,2.8861682
5583,2.9141734
5584,2.8748534
5585,2.7668412
5586,2.7099926
5587,2.9076781
5588,2.947517
5589,2.8325145
5590,2.738499
5591,2.8235338
5592,2.5948455
5593,2.8762512
5594,2.7739289
5595,2.897561
5596,2.9812536
5597,2.863556
5598,2.8835764
5599,2.7954388
5600,2.8452883
5601,2.8853066
5602,2.9037871
5603,2.815716
5604,2.8953
5605,2.9829335
5606,2.9700346
5607,2.8719382
5608,2.900209
5609,2.8316278
5610,2.905197
5611,2.8537977
5612,3.0234072
5613,2.8004084
5614,2.8227265
5615,2.9035604
5616,2.849738
5617,3.0110917
5618,2.872681
5619,2.9146903
5620,2.7653544
5621,2.9306114
5622,2.6821232
5623,2.788821
5624,3.0209012
5625,2.6528542
5626,2.733524
5627,2.9437764
5628,2.8225918
5629,2.9981694
5630,2.8288922
5631,2.898884
5632,2.8276875
5633,2.795015
5634,2.8275695
5635,2.9163673
5636,2.6293213
5637,2.808251
5638,2.9562814
5639,2.7245958
5640,2.79597
5641,2.9390547
5642,2.8559644
5643,2.831856
5644,3.0137618
5645,2.9397671
5646,2.8153253
5647,2.8050158
5648,2.9088929
5649,2.6073186
5650,2.9620864
5651,2.8543293
5652,2.7217436
5653,2.9396935
5654,2.9585586
5655,2.9421122
5656,3.0437186
5657,2.6416457
5658,2.7712271
5659,2.816059
5660,2.9862297
5661,2.718688
5662,2.9821334
5663,2.775015
5664,2.7153852
5665,2.947387
5666,2.7785177
5667,2.9207053
5668,2.6674824
5669,2.7654314
5670,3.0318232
5671,2.8689468
5672,2.819402
5673,2.891317
5674,2.8286202
5675,2.7117882
5676,2.6293705
5677,2.9585335
5678,2.9633884
5679,2.763461
5680,2.8744762
5681,2.985602
5682,2.618947
5683,2.999342
5684,2.8520586
5685,2.5891016
5686,2.6986046
5687,2.9378004
5688,2.8188534
5689,2.8344462
5690,2.8585532
5691,2.9080775
5692,3.0224323
5693,2.8883643
5694,2.822084
5695,2.7788448
5696,2.8547919
5697,2.4689538
5698,2.7139008
5699,2.7433116
5700,2.965528
5701,2.873331
5702,2.8995802
5703,2.9521065
5704,2.847918
5705,2.820388
5706,2.642064
5707,2.8663988
5708,2.8482099
5709,2.8102853
5710,2.7868304
5711,2.6378522
5712,2.9931347
5713,2.8479238
5714,2.8081641
5715,2.8560555
5716,2.6013894
5717,2.8984373
5718,2.7775266
5719,2.87613
5720,2.8144407
5721,2.95671
5722,2.7226434
5723,2.8129394
5724,2.6777444
5725,2.6222172
5726,2.9397645
5727,3.0000277
5728,2.6735625
5729,3.0042877
5730,2.8199348
5731,2.468204
5732,2.7859507
5733,2.7579565
5734,2.8899972
5735,2.7768278
5736,2.941853
5737,2.881257
5738,2.947691
5739,2.9196618
5740,2.7010098
5741,2.8713531
5742,2.8846915
5743,2.9122114
5744,2.526532
5745,2.7801871
5746,2.8840332
5747,2.7605345
5748,2.9121845
5749,2.9355507
5750,2.852167
5751,2.8756328
5752,2.7403357
5753,2.9983237
5754,2.8176243
5755,2.9045758
5756,2.8930814
5757,2.772458
5758,2.5154417
5759,2.8672779
5760,2.7645845
5761,2.6320384
5762,2.9445841
5763,2.9685583
5764,2.683803
5765,2.8982804
5766,2.84538
5767,2.8840277
5768,2.834495
5769,2.9368873
5770,2.7735229
5771,2.8356307
5772,2.830632
5773,3.0121953
5774,2.9114966
5775,2.8648772
5776,2.7234159
5777,2.9804747
5778,2.9572666
5779,3.0072343
5780,2.8025274
5781,2.9161577
5782,2.8603933
5783,2.9013846
5784,2.67386
5785,2.8929927
5786,2.8330073
5787,2.985573
5788,2.677133
5789,2.8832455
5790,2.9687088
5791,2.938024
5792,2.8511574
5793,2.8414803
5794,2.9158769
5795,2.8894765
5796,2.8925927
5797,2.9062216
5798,2.5733254
5799,2.9898915
5800,2.5653799
5801,2.8456635
5802,2.7724526
5803,2.6691477
5804,3.0449102
5805,2.8481562
5806,2.8957777
5807,2.9461036
5808,2.9266515
5809,2.781851
5810,2.448799
5811,2.7391043
5812,2.937117
5813,2.9696734
5814,2.801272
5815,2.7775133
5816,2.8237033
5817,2.7802782
5818,2.7527583
5819,2.895507
5820,2.7554412
5821,2.4609146
5822,2.6749158
5823,2.8795922
5824,2.8439982
5825,2.7773325
5826,2.8361793
5827,2.7879534
5828,3.0119858
5829,2.8759882
5830,2.8876247
5831,2.938812
5832,2.8857822
5833,2.8459845
5834,2.8045845
5835,2.6626222
5836,2.961104
5837,2.9314535
5838,2.5566816
5839,2.927716
5840,2.795107
5841,2.8937068
5842,2.9078426
5843,2.7755606
5844,2.7014668
5845,2.7005098
5846,2.7556417
5847,2.9418452
5848,2.8860176
5849,2.822946
5850,2.9316835
5851,2.820086
5852,2.8775494
5853,2.8597608
5854,2.8696914
5855,2.9631634
5856,2.8394873
5857,3.013645
5858,2.550495
5859,2.9235275
5860,2.951936
5861,2.738299
5862,2.8863275
5863,2.9074247
5864,3.0175374
5865,2.7085807
5866,2.789258
5867,2.694573
5868,2.856848
5869,2.8378491
5870,2.4692824
5871,2.966961
5872,2.9807897
5873,2.8633413
5874,2.7848134
5875,2.893854
5876,2.9733868
5877,2.7882657
5878,2.9672837
5879,2.831987
5880,2.949365
5881,2.948552
5882,2.9973466
5883,2.775669
5884,2.8847015
5885,2.8880255
5886,2.806945
5887,2.8626204
5888,2.8602858
5889,2.798625
5890,2.8086948
5891,2.8791857
5892,2.8388972
5893,2.7220988
5894,2.907834
5895,2.8715703
5896,2.9741623
5897,2.5019488
5898,2.9109879
5899,2.6901948
5900,2.7787702
5901,2.379221
5902,2.8171008
5903,2.9112415
5904,2.8781908
5905,2.8576787
5906,2.9624984
5907,2.7954805
5908,2.8715868
5909,2.869898
5910,2.8212852
5911,2.7846596
5912,3.017597
5913,2.8869162
5914,2.8466384
5915,2.7607882
5916,2.9159524
5917,3.0276895
5918,2.9799004
5919,2.9383717
5920,2.6012225
5921,2.8899832
5922,2.8178506
5923,2.8023212
5924,2.8043807
5925,3.013645
5926,2.3630745
5927,2.654034
5928,2.890414
5929,2.677495
5930,2.909542
5931,2.9152038
5932,2.641709
5933,2.7916777
5934,2.8308492
5935,2.9691782
5936,2.8926892
5937,2.6872067
5938,2.8207412
5939,2.863117
5940,2.9459982
5941,2.7991464
5942,2.947959
5943,2.7254655
5944,2.8730428
5945,2.7206032
5946,2.618418
5947,2.603821
5948,2.9874668
5949,2.7010798
5950,3.0179946
5951,2.86369
5952,2.8139415
5953,2.932156
5954,2.8160048
5955,2.874821
5956,2.8565996
5957,2.9056702
5958,2.9548402
5959,2.7171264
5960,2.7578459
5961,2.6175342
5962,2.774633
5963,2.8863447
5964,2.922823
5965,2.8767207
5966,2.920691
5967,2.977462
5968,2.898541
5969,2.9066954
5970,2.8387887
5971,2.7739286
5972,2.8914108
5973,2.9810498
5974,2.742111
5975,2.818622
5976,2.6454298
5977,2.6588643
5978,3.0217435
5979,2.7831454
5980,3.039417
5981,2.7637799
5982,2.9936206
5983,2.7166276
5984,2.8672414
5985,2.9552383
5986,2.481975
5987,2.8093348
5988,2.9593143
5989,2.713781
5990,2.9813244
5991,2.7618134
5992,2.8432307
5993,2.945591
5994,2.6649027
5995,2.8739069
5996,2.8707125
5997,2.8702788
5998,2.9138846
5999,2.6962786
6000,2.766006
6001,2.8076744
6002,2.7868357
6003,3.0560849
6004,2.880443
6005,2.8334582
6006,2.8432868
6007,2.8274312
6008,2.7631018
6009,2.9291968
6010,2.9147897
6011,2.8908577
6012,2.8398597
6013,3.0075507
6014,2.768374
6015,2.8539424
6016,2.7855513
6017,2.6041393
6018,2.8477595
6019,2.6990266
6020,2.7767944
6021,2.8389006
6022,2.7413712
6023,2.7700422
6024,2.6786735
6025,2.7993767
6026,2.96561
6027,2.8218508
6028,2.9926567
6029,2.8252485
6030,3.0129344
6031,2.9310374
6032,2.425361
6033,2.8432584
6034,2.8185658
6035,3.0479574
6036,2.7511306
6037,2.598205
6038,2.501184
6039,2.723262
6040,2.9251125
6041,2.9980967
6042,2.472906
6043,2.978449
6044,2.735376
6045,2.9476964
6046,2.7163033
6047,2.7267356
6048,2.8553417
6049,2.7094004
6050,2.685868
6051,2.3356798
6052,2.8749914
6053,2.5331469
6054,2.726607
6055,2.800099
6056,2.8992503
6057,2.6804085
6058,2.8679643
6059,2.9160643
6060,2.8577178
6061,2.9035
6062,2.7984986
6063,2.9149013
6064,2.650173
6065,2.9337606
6066,2.8756206
6067,2.7909822
6068,2.168749
6069,3.0133579
6070,2.95695
6071,2.8319857
6072,2.8850796
6073,2.884844
6074,2.752536
6075,2.7223504
6076,2.9793017
6077,2.798351
6078,2.8781674
6079,3.0455346
6080,2.7314804
6081,2.6087852
6082,2.802241
6083,2.9523833
6084,2.8666
6085,2.8505185
6086,2.7764554
6087,2.9103007
6088,2.7426677
6089,2.814961
6090,3.0328116
6091,2.7102973
6092,2.797685
6093,2.8704145
6094,2.9636004
6095,2.908541
6096,2.7936866
6097,2.8781729
6098,2.8081253
6099,2.9038825
6100,2.92643
6101,2.9789317
6102,2.8940215
6103,2.995018
6104,2.6694229
6105,2.8208704
6106,2.6470523
6107,2.448497
6108,2.881116
6109,2.7612927
6110,2.8979669
6111,2.505249
6112,2.4044993
6113,2.7939355
6114,2.9274523
6115,2.9908552
6116,2.6647913
6117,2.9031036
6118,2.852965
6119,2.9144702
6120,2.849818
6121,2.666879
6122,2.9238732
6123,2.5773323
6124,2.7706895
6125,2.7838056
6126,2.8795762
6127,2.5951746
6128,2.944063
6129,2.7171018
6130,2.5633914
6131,2.8504298
6132,2.5159872
6133,2.8769617
6134,2.953148
6135,2.8755882
6136,3.0250947
6137,2.9841695
6138,2.855971
6139,3.0275545
6140,2.7987175
6141,2.8242698
6142,2.703039
6143,2.7478404
6144,2.7757473
6145,2.7928052
6146,2.8335843
6147,2.9748194
6148,2.818942
6149,2.9414887
6150,3.020613
6151,2.8351774
6152,3.0488565
6153,2.812971
6154,2.656099
6155,2.969766
6156,2.7675686
6157,2.8256125
6158,2.883591
6159,2.842983
6160,2.9674315
6161,2.8155735
6162,2.846782
6163,2.702625
6164,2.7316864
6165,2.8685324
6166,2.865645
6167,2.842023
6168,2.864316
6169,2.9291918
6170,2.8496702
6171,2.8605442
6172,2.667269
6173,2.853534
6174,2.9133935
6175,2.8068223
6176,2.866314
6177,2.9255314
6178,2.750729
6179,2.9491436
6180,2.925702
6181,2.8880088
6182,2.9795554
6183,2.7759178
6184,3.0295153
6185,2.803275
6186,2.766274
6187,2.8319802
6188,2.8624146
6189,2.8151834
6190,2.925744
6191,2.7459753
6192,2.9403892
6193,2.806337
6194,2.6901422
6195,2.6522114
6196,2.8719378
6197,2.8175004
6198,2.9288526
6199,3.03753
6200,2.4864564
6201,2.7383795
6202,2.906485
6203,3.013827
6204,2.6677158
6205,2.7778165
6206,2.8517594
6207,2.934829
6208,2.802437
6209,2.485397
6210,2.732394
6211,2.974992
6212,2.8473818
6213,2.7166924
6214,2.793784
6215,2.8036292
6216,2.9173079
6217,2.6331637
6218,2.757978
6219,2.901068
6220,2.4860265
6221,2.788302
6222,2.6477349
6223,2.9308145
6224,2.915151
6225,2.8758798
6226,2.837342
6227,2.8234715
6228,2.6716123
6229,2.6496854
6230,2.5893657
6231,2.8509948
6232,2.734531
6233,3.0029736
6234,2.8691168
6235,2.8951735
6236,2.8468041
6237,2.822975
6238,2.6918004
6239,2.9568071
6240,2.9673393
6241,2.6303766
6242,2.811595
6243,2.8201995
6244,2.8897169
6245,2.7844265
6246,2.7261262
6247,3.0163224
6248,2.766749
6249,2.7441545
6250,2.8285096
6251,2.941454
6252,2.7503638
6253,2.8089051
6254,3.001697
6255,2.7502549
6256,2.8378599
6257,2.8460968
6258,2.5158815
6259,2.6597347
6260,2.83521
6261,2.904984
6262,2.8328748
6263,2.8070211
6264,2.793475
6265,2.6845148
6266,2.82638
6267,2.953217
6268,2.2619517
6269,2.9619498
6270,2.9687288
6271,2.9928224
6272,2.7144036
6273,2.7987266
6274,3.003321
6275,2.8479478
6276,2.7975998
6277,2.8703024
6278,2.6576805
6279,2.8393226
6280,2.7749677
6281,2.7635112
6282,2.9747934
6283,2.8296657
6284,2.9008553
6285,2.905722
6286,2.6825213
6287,2.7839813
6288,3.0098662
6289,3.0028746
6290,2.514824
6291,2.9335773
6292,3.0106049
6293,2.9512932
6294,2.7367992
6295,2.9740024
6296,2.7761753
6297,2.8494143
6298,2.7354314
6299,2.4887536
6300,2.9408677
6301,2.8686626
6302,2.6274302
6303,2.699349
6304,2.805583
6305,2.9859238
6306,2.8944285
6307,2.7477465
6308,2.6733513
6309,2.6865444
6310,2.8708315
6311,2.5139356
6312,2.7285836
6313,2.7905748
6314,2.9193988
6315,2.7472744
6316,2.8882413
6317,3.0038395
6318,2.8538187
6319,2.899461
6320,2.7357364
6321,2.9042432
6322,2.846366
6323,2.8294759
6324,2.463553
6325,2.8843944
6326,2.7480497
6327,2.8578122
6328,2.916169
6329,2.7983842
6330,2.6901693
6331,2.9634225
6332,2.674599
6333,2.7717013
6334,2.5220027
6335,2.8485632
6336,2.868105
6337,2.9431403
6338,2.6570518
6339,2.8742108
6340,2.7487376
6341,2.6239805
6342,2.7791786
6343,2.9422276
6344,2.9030473
6345,2.7482965
6346,2.9773936
6347,2.9113486
6348,2.8241885
6349,2.8714573
6350,2.7514713
6351,2.9726627
6352,2.9613996
6353,2.8118732
6354,2.6751416
6355,2.484213
6356,2.6405563
6357,2.8144667
6358,2.747505
6359,2.79831
6360,2.8431718
6361,2.9644957
6362,2.7419622
6363,2.800319
6364,2.745649
6365,2.9731953
6366,2.8624315
6367,2.8586605
6368,2.8791296
6369,2.7860415
6370,2.920723
6371,2.8192716
6372,2.8938298
6373,2.7488835
6374,2.888498
6375,2.907121
6376,2.8478453
6377,2.7334607
6378,2.7971032
6379,2.9874215
6380,2.8657546
6381,3.0009184
6382,2.8803153
6383,2.890882
6384,2.876087
6385,2.7444644
6386,3.0314052
6387,2.8235776
6388,2.8184166
6389,2.7467704
6390,2.889924
6391,2.7710736
6392,2.7813597
6393,2.9538236
6394,2.9865215
6395,2.5884194
6396,2.6189165
6397,2.8670168
6398,2.741153
6399,2.715922
6400,2.8058004
6401,2.5474067
6402,2.819058
6403,2.70739
6404,2.908506
6405,2.739884
6406,2.737871
6407,2.7423303
6408,2.8878233
6409,2.9458017
6410,2.8064606
6411,2.6714094
6412,2.7275827
6413,2.8733487
6414,3.0072575
6415,2.7072225
6416,2.6609886
6417,2.9713936
6418,2.8593786
6419,2.89529
6420,2.9165463
6421,2.8714406
6422,2.2877553
6423,2.7677562
6424,2.9331746
6425,2.6462023
6426,2.8093
6427,2.720892
6428,2.7484734
6429,2.8542218
6430,2.9556017
6431,2.9395778
6432,2.9798095
6433,2.9002385
6434,2.6018858
6435,2.8919852
6436,2.9360933
6437,2.8693683
6438,2.9208393
6439,2.8273008
6440,2.9314013
6441,2.8500328
6442,2.8053749
6443,2.686059
6444,2.7727337
6445,3.0177498
6446,2.9631898
6447,2.863513
6448,2.688918
6449,2.7873018
6450,2.8063328
6451,2.817448
6452,2.889408
6453,2.9341278
6454,2.8717535
6455,2.8405755
6456,2.8698232
6457,2.9277816
6458,2.6853704
6459,2.8151946
6460,2.832424
6461,2.9656112
6462,2.973389
6463,2.545178
6464,2.8375256
6465,2.7595327
6466,2.8855736
6467,2.7837758
6468,2.597027
6469,2.841307
6470,2.7172449
6471,2.7754111
6472,2.7184932
6473,2.788641
6474,2.8158028
6475,2.7428622
6476,2.9849749
6477,2.8890235
6478,2.8535783
6479,3.00828
6480,2.9553509
6481,2.9193628
6482,2.7668645
6483,2.6545033
6484,3.0054185
6485,2.8824534
6486,2.5556977
6487,2.9646416
6488,2.8493838
6489,2.6107128
6490,2.6577563
6491,2.7660177
6492,2.7982676
6493,2.8746753
6494,2.9036999
6495,2.8554702
6496,2.9887376
6497,2.9807546
6498,2.8825135
6499,2.8814595
6500,2.5680401
6501,2.7034383
6502,2.942818
6503,2.7623696
6504,2.841414
6505,2.8302736
6506,2.899181
6507,2.8189757
6508,2.954064
6509,2.7247655
6510,2.758789
6511,2.8286912
6512,2.6371682
6513,2.839872
6514,2.8134677
6515,2.9562418
6516,2.8883088
6517,2.7065644
6518,2.849927
6519,2.915971
6520,2.791791
6521,3.0112638
6522,2.9538572
6523,2.8558624
6524,2.8730783
6525,2.9341705
6526,2.9874501
6527,2.6537256
6528,2.7703505
6529,2.8296373
6530,2.8869855
6531,2.8076339
6532,2.825804
6533,2.7725291
6534,3.0514877
6535,2.7889843
6536,2.8653996
6537,2.880835
6538,2.860973
6539,2.9500477
6540,2.989114
6541,2.958835
6542,2.891358
6543,2.5159566
6544,2.8711894
6545,2.7522511
6546,2.9872086
6547,2.6004448
6548,2.9225354
6549,2.967908
6550,2.7954736
6551,2.8745155
6552,2.6946864
6553,2.5575075
6554,2.879681
6555,2.752491
6556,2.936764
6557,2.8271785
6558,3.0023334
6559,2.9206245
6560,2.9990127
6561,2.6850395
6562,2.9078345
6563,2.8799756
6564,2.790915
6565,2.8605185
6566,2.8812165
6567,2.8330781
6568,2.8558517
6569,2.6931148
6570,3.001732
6571,2.7789345
6572,2.5990043
6573,2.8487816
6574,2.9186866
6575,2.547858
6576,2.8490713
6577,2.7252216
6578,2.8626583
6579,2.8319736
6580,2.5003562
6581,2.9532824
6582,2.485067
6583,2.5960047
6584,2.5480824
6585,2.833116
6586,2.8707316
6587,2.8267212
6588,2.7854943
6589,2.872303
6590,2.990917
6591,2.8441803
6592,2.9827573
6593,2.955523
6594,2.96806
6595,2.6689446
6596,2.9409797
6597,2.6396003
6598,2.7810318
6599,2.8175204
6600,2.7249572
6601,2.7805653
6602,3.007365
6603,2.844912
6604,2.6527293
6605,2.9677873
6606,2.714502
6607,2.8896809
6608,2.6452916
6609,2.771436
6610,2.6816325
6611,2.7860444
6612,3.0394757
6613,2.9333167
6614,3.022875
6615,2.5625799
6616,2.9708745
6617,2.8890917
6618,2.9043105
6619,2.9153178
6620,2.8111682
6621,2.95722
6622,2.9477293
6623,2.9637244
6624,2.9250965
6625,2.9812956
6626,2.8955133
6627,2.971906
6628,2.634669
6629,2.6565497
6630,2.584675
6631,2.6533546
6632,2.7407115
6633,2.8600142
6634,2.8693285
6635,2.6736052
6636,2.9326847
6637,2.8873923
6638,2.6221156
6639,2.8024862
6640,2.8162212
6641,3.009526
6642,2.9453747
6643,2.6495218
6644,2.6548905
6645,2.9426398
6646,2.8987665
6647,2.724428
6648,2.8505301
6649,2.681785
6650,2.69571
6651,2.8433437
6652,2.443544
6653,2.935459
6654,2.9112961
6655,2.8002136
6656,2.8473542
6657,2.8656175
6658,2.7448125
6659,2.8353732
6660,2.7991943
6661,2.7303631
6662,2.861864
6663,3.038988
6664,2.7443562
6665,2.6751945
6666,2.8674874
6667,2.9432817
6668,2.8949997
6669,2.8919792
6670,2.7189393
6671,2.8624778
6672,2.7491682
6673,2.8949578
6674,2.9812272
6675,2.945608
6676,2.747709
6677,2.6692677
6678,2.7584217
6679,3.0298119
6680,2.8408635
6681,3.0323813
6682,2.8790538
6683,2.748059
6684,2.7129598
6685,2.7768927
6686,2.8161528
6687,2.9390645
6688,2.8062465
6689,2.8273995
6690,2.9681213
6691,2.7309532
6692,3.0453258
6693,2.8816593
6694,2.908917
6695,2.7201161
6696,2.964297
6697,2.7917194
6698,2.7444303
6699,2.957975
6700,3.0015619
6701,2.9261866
6702,2.9266672
6703,2.78768
6704,2.76254
6705,2.8955789
6706,2.898003
6707,2.8688369
6708,2.7838836
6709,2.75681
6710,2.9527018
6711,2.8418055
6712,2.9188337
6713,2.72025
6714,2.5094073
6715,2.7996721
6716,2.8559783
6717,3.0421846
6718,2.7908561
6719,2.8356264
6720,2.6329477
6721,2.916896
6722,2.7947245
6723,2.8967175
6724,2.8871536
6725,2.6442385
6726,2.9465704
6727,2.7769136
6728,2.7504277
6729,2.7650962
6730,2.876627
6731,2.5899725
6732,2.805601
6733,2.7552521
6734,2.8160086
6735,2.9827876
6736,2.787781
6737,2.7533245
6738,2.733377
6739,2.8385181
6740,2.6364913
6741,2.577734
6742,2.8727698
6743,2.936254
6744,2.8119066
6745,2.804631
6746,2.8934157
6747,2.8518155
6748,2.730675
6749,2.7436912
6750,2.6862998
6751,2.6995642
6752,2.9656355
6753,2.8830132
6754,2.8750331
6755,2.7344503
6756,2.9859889
6757,2.738595
6758,2.824901
6759,2.9137497
6760,2.8495293
6761,2.9406025
6762,2.6110442
6763,2.9427772
6764,2.650022
6765,3.0065787
6766,2.5041864
6767,2.8612177
6768,2.9623694
6769,2.9074442
6770,2.8510072
6771,2.778471
6772,2.7406018
6773,2.867011
6774,2.996058
6775,3.0383594
6776,2.8054054
6777,2.8961008
6778,2.9109828
6779,2.8718011
6780,2.9496164
6781,2.6675594
6782,2.9719474
6783,2.8962266
6784,2.4815896
6785,2.9367087
6786,2.6901515
6787,2.837148
6788,2.6545749
6789,2.6356523
6790,2.7424138
6791,2.8963256
6792,3.045615
6793,2.9154232
6794,2.776313
6795,2.8276675
6796,3.0190432
6797,2.8210006
6798,2.8437166
6799,2.702655
6800,2.9501836
6801,2.9356904
6802,2.857811
6803,2.9952574
6804,2.466411
6805,2.8773787
6806,2.8233364
6807,2.916348
6808,2.7776518
6809,2.7999642
6810,2.7812083
6811,2.9181938
6812,2.8100843
6813,2.9597087
6814,2.7393787
6815,2.7876282
6816,2.752815
6817,2.5263534
6818,2.521951
6819,2.8216295
6820,2.9785395
6821,2.8298223
6822,2.8509426
6823,2.8845844
6824,2.9626694
6825,2.863447
6826,2.783192
6827,2.6265872
6828,2.3868766
6829,2.528292
6830,2.7245958
6831,2.9105651
6832,2.8666987
6833,2.7550066
6834,2.7088919
6835,2.9625452
6836,2.7232087
6837,2.9632692
6838,2.6746995
6839,2.8021793
6840,2.8047967
6841,2.7251642
6842,2.7878752
6843,2.7399628
6844,2.919236
6845,2.8813634
6846,2.9231439
6847,2.6628304
6848,2.636847
6849,2.7518444
6850,2.9759593
6851,2.9753754
6852,2.8291185
6853,2.810444
6854,2.8276293
6855,2.915235
6856,2.5949185
6857,2.8524475
6858,2.6238017
6859,2.924655
6860,2.848548
6861,2.8068511
6862,2.8172476
6863,2.9917657
6864,2.8830094
6865,2.7955196
6866,2.969529
6867,2.8856227
6868,3.0622742
6869,2.890816
6870,2.5369177
6871,2.9291198
6872,2.552671
6873,2.9182308
6874,2.8433225
6875,2.7572622
6876,2.8164225
6877,2.888085
6878,2.5718536
6879,2.7066953
6880,2.619155
6881,2.6887574
6882,2.9242518
6883,2.9391487
6884,2.7596114
6885,2.7055225
6886,2.6320355
6887,2.8504207
6888,2.9527507
6889,2.837377
6890,2.8152108
6891,2.9024057
6892,2.9720294
6893,3.0233407
6894,2.8723657
6895,2.7681158
6896,2.743598
6897,2.5656166
6898,2.7620397
6899,2.8016732
6900,2.8676138
6901,2.8614564
6902,2.729006
6903,2.8224244
6904,2.9037976
6905,2.9078236
6906,3.0104601
6907,2.8291214
6908,2.8194902
6909,2.6062617
6910,2.8560824
6911,2.8548062
6912,2.8557498
6913,3.048585
6914,2.9461958
6915,2.9199722
6916,2.8803558
6917,3.0269754
6918,2.936709
6919,2.75528
6920,2.9887989
6921,3.0095189
6922,2.8807888
6923,2.770233
6924,2.4209428
6925,2.8169186
6926,2.8646276
6927,2.6655405
6928,2.849447
6929,2.9307184
6930,2.9866211
6931,2.8159652
6932,2.5343108
6933,2.7943084
6934,2.9753203
6935,2.6486576
6936,2.872555
6937,2.9370599
6938,2.5290806
6939,2.792792
6940,2.9101386
6941,2.939256
6942,2.8543177
6943,2.7943597
6944,2.9544652
6945,2.8882384
6946,2.9817374
6947,2.7500477
6948,2.896521
6949,2.9298446
6950,3.0480275
6951,2.7195415
6952,2.872906
6953,2.9215655
6954,2.9069757
6955,2.9417
6956,2.7194946
6957,2.776226
6958,2.5916524
6959,2.7663658
6960,2.887613
6961,2.8320334
6962,2.9742804
6963,2.848717
6964,2.907168
6965,2.7527049
6966,2.9665775
6967,2.9098697
6968,2.6240528
6969,2.7190654
6970,2.7398882
6971,2.9546196
6972,2.6832457
6973,2.8602872
6974,2.9287045
6975,2.8439968
6976,2.828683
6977,2.73601
6978,2.6470141
6979,2.9235716
6980,2.8091877
6981,2.77809
6982,2.893954
6983,2.6956422
6984,2.9647632
6985,3.0520022
6986,2.9122472
6987,2.64349
6988,2.872546
6989,2.7187827
6990,3.0011344
6991,2.8061523
6992,2.6822858
6993,2.6779177
6994,2.470242
6995,2.8510544
6996,2.9528153
6997,2.4052975
6998,2.826796
6999,2.9730756
7000,2.7573466
7001,2.7158582
7002,2.760246
7003,2.831449
7004,2.786747
7005,2.6823146
7006,2.6478622
7007,2.8134406
7008,2.9714262
7009,2.7974792
7010,2.8443823
7011,2.6762383
7012,2.7799075
7013,2.7583385
7014,2.3894627
7015,3.0091555
7016,2.9137337
7017,2.8843164
7018,2.8932538
7019,2.8011837
7020,2.8879602
7021,2.824625
7022,2.9146483
7023,2.925166
7024,2.7717814
7025,2.825036
7026,3.0110273
7027,2.91347
7028,2.7607195
7029,2.8650756
7030,2.9145775
7031,2.92092
7032,2.9087424
7033,2.7691894
7034,2.80182
7035,2.9009924
7036,2.690065
7037,2.862005
7038,2.779001
7039,2.8953319
7040,2.6871665
7041,2.890895
7042,2.872788
7043,2.5519783
7044,2.8669415
7045,2.9178283
7046,2.9470925
7047,2.9153152
7048,2.890149
7049,2.9318075
7050,2.5682285
7051,2.765633
7052,2.9642272
7053,2.8449264
7054,2.8753872
7055,2.995619
7056,3.0124977
7057,2.8905766
7058,2.6883829
7059,2.8145514
7060,2.8641276
7061,2.8752143
7062,2.8562622
7063,2.690634
7064,2.9534721
7065,2.9147027
7066,2.7584383
7067,2.5231478
7068,2.923796
7069,2.7846522
7070,2.9253914
7071,3.0076947
7072,2.686105
7073,2.8431988
7074,2.7732177
7075,2.8419857
7076,2.849766
7077,2.8444774
7078,2.921076
7079,2.7836208
7080,2.9165514
7081,2.8462667
7082,2.788838
7083,2.7011206
7084,2.869731
7085,2.7469738
7086,2.7083545
7087,2.993546
7088,2.9542584
7089,2.751206
7090,2.8120272
7091,2.8192568
7092,2.9281464
7093,2.8993573
7094,2.924514
7095,2.6794553
7096,2.7743616
7097,2.960436
7098,2.8981116
7099,2.9792862
7100,2.8261492
7101,2.902764
7102,2.6995566
7103,2.7715125
7104,2.7677743
7105,2.9436028
7106,2.8119643
7107,2.9241738
7108,2.6885443
7109,2.8760624
7110,2.7217917
7111,2.7678688
7112,2.9294808
7113,2.9919126
7114,2.8133953
7115,2.8190658
7116,2.8265376
7117,2.454276
7118,2.8597147
7119,2.8628356
7120,2.6333714
7121,2.7335553
7122,2.559582
7123,2.797771
7124,3.032009
7125,2.7811208
7126,2.9277716
7127,2.8837178
7128,2.808543
7129,2.799086
7130,2.858881
7131,2.789222
7132,2.8671598
7133,2.9835877
7134,2.95021
7135,2.9677067
7136,2.9047987
7137,2.8547664
7138,2.9117413
7139,2.6853697
7140,2.997485
7141,2.5911293
7142,2.703848
7143,2.8358169
7144,2.6299493
7145,2.9253054
7146,2.76386
7147,2.9117382
7148,2.6839378
7149,2.8106039
7150,2.8491042
7151,2.8548083
7152,2.963955
7153,2.7681565
7154,2.8881373
7155,3.009963
7156,2.8106966
7157,2.9521537
7158,2.6845467
7159,2.7508926
7160,2.6222546
7161,2.8714914
7162,3.0344868
7163,2.865553
7164,2.6663718
7165,2.8567162
7166,2.5836926
7167,2.724915
7168,2.7141063
7169,2.8077922
7170,2.7938473
7171,2.7483454
7172,2.7790926
7173,2.8990564
7174,2.8477533
7175,2.7064433
7176,2.828742
7177,2.9473236
7178,2.9225867
7179,2.9560862
7180,2.3808904
7181,2.8001926
7182,2.9081945
7183,2.5575495
7184,2.9817543
7185,2.8904402
7186,2.8630393
7187,2.9224684
7188,2.9356365
7189,2.8678243
7190,2.6981657
7191,2.3708482
7192,2.837166
7193,2.8117363
7194,2.958265
7195,2.849168
7196,2.8715484
7197,2.803375
7198,2.8557699
7199,2.8341174
7200,2.9356527
7201,2.801317
7202,2.8676012
7203,2.6358166
7204,2.8986883
7205,2.9560385
7206,2.950759
7207,3.012783
7208,2.88863
7209,2.771854
7210,2.5230222
7211,2.6555824
7212,2.7215998
7213,2.8771389
7214,2.9490838
7215,2.9456158
7216,2.940501
7217,2.5162182
7218,2.8935266
7219,2.8061693
7220,2.9076917
7221,2.8146842
7222,2.8202016
7223,2.846662
7224,2.8258266
7225,2.4997776
7226,2.862132
7227,2.8943312
7228,2.8493829
7229,2.902108
7230,2.6696062
7231,2.7907312
7232,3.0096045
7233,2.9446044
7234,2.9773226
7235,2.9205165
7236,2.9395928
7237,2.709205
7238,2.7848744
7239,3.0267186
7240,2.9075983
7241,2.9860637
7242,2.8439517
7243,2.8310568
7244,2.8405945
7245,2.7067738
7246,2.640547
7247,2.9401257
7248,2.9363387
7249,2.766178
7250,2.7314591
7251,2.913997
7252,2.9032407
7253,2.8075635
7254,2.9520473
7255,2.599159
7256,2.748753
7257,2.8706388
7258,2.928242
7259,2.7161417
7260,2.5024362
7261,3.005626
7262,2.4901805
7263,2.8723972
7264,2.871163
7265,2.7099445
7266,2.883796
7267,2.6972673
7268,2.6597533
7269,2.9022741
7270,2.9304852
7271,2.8208556
7272,2.7782056
7273,2.6910894
7274,2.7676227
7275,2.814929
7276,2.6933122
7277,2.9524443
7278,2.9745922
7279,2.9385748
7280,2.9635813
7281,2.890825
7282,2.8589256
7283,3.0135841
7284,2.5902963
7285,2.9446046
7286,2.8757951
7287,2.8117082
7288,2.7463458
7289,2.9164734
7290,2.8359587
7291,2.768266
7292,2.7033422
7293,2.9555104
7294,2.797333
7295,2.940981
7296,2.4655328
7297,2.8637626
7298,2.680484
7299,2.773318
7300,2.675569
7301,2.872141
7302,2.6744502
7303,2.629968
7304,2.8829052
7305,2.7029479
7306,3.048791
7307,2.6076117
7308,2.53162
7309,2.7759678
7310,2.8450363
7311,2.7747767
7312,2.9612947
7313,2.9992123
7314,2.6994414
7315,2.7729063
7316,2.7312946
7317,2.8244753
7318,2.988729
7319,2.7318919
7320,2.960506
7321,2.6614327
7322,2.6176317
7323,2.936552
7324,2.8204756
7325,3.0109859
7326,2.9913154
7327,2.6724398
7328,2.9305391
7329,2.9793165
7330,3.0107641
7331,2.9096053
7332,2.8764327
7333,2.9328265
7334,2.872207
7335,2.8051856
7336,2.7671301
7337,2.8284502
7338,2.939682
7339,2.9531686
7340,2.859123
7341,2.3914354
7342,2.9636772
7343,2.8234076
7344,2.709767
7345,2.7731915
7346,2.804429
7347,2.8264327
7348,2.6763337
7349,2.8976192
7350,2.8315885
7351,2.9250698
7352,2.5777133
7353,2.8338103
7354,2.4908497
7355,2.8454552
7356,2.9057052
7357,2.8094256
7358,2.785024
7359,2.9805696
7360,2.8767977
7361,2.458401
7362,2.9560037
7363,3.029469
7364,2.6763017
7365,2.8643932
7366,2.936827
7367,2.6743734
7368,2.8670232
7369,2.795716
7370,2.935078
7371,2.663767
7372,2.9832494
7373,3.0747774
7374,2.8959875
7375,2.9203722
7376,2.6484153
7377,2.8637023
7378,2.9431214
7379,2.9147327
7380,2.7630892
7381,2.6703262
7382,2.7124882
7383,2.6440234
7384,2.8246267
7385,2.9185238
7386,2.835098
7387,2.7820811
7388,2.628677
7389,2.6287796
7390,2.5833273
7391,2.8200321
7392,2.8323193
7393,3.0080562
7394,2.9609587
7395,2.8756876
7396,2.9570897
7397,2.8228824
7398,2.746864
